{
  "version": 1,
  "author": "Shivannagari Varshini",
  "editor": "wokwi",
  "parts": [
    {
      "type": "board-esp32-devkit-c-v4",
      "id": "esp",
      "top": 0,
      "left": 0,
      "attrs": { "env": "micropython-20231227-v1.22.0" }
    },
    { "type": "wokwi-dht22", "id": "dht1", "top": -47.7, "left": -168.6, "attrs": {} },
    {
      "type": "wokwi-lcd1602",
      "id": "lcd1",
      "top": -156.8,
      "left": -80.8,
      "attrs": { "pins": "i2c" }
    }
  ],
  "connections": [
    [ "esp:TX", "$serialMonitor:RX", "", [] ],
    [ "esp:RX", "$serialMonitor:TX", "", [] ],
    [ "dht1:VCC", "esp:3V3", "red", [ "v0" ] ],
    [ "dht1:SDA", "esp:18", "green", [ "v0" ] ],
    [ "dht1:GND", "esp:GND.1", "black", [ "v0" ] ],
    [ "lcd1:GND", "esp:GND.1", "black", [ "h-163.2", "v67.2" ] ],
    [ "lcd1:SDA", "esp:21", "green", [ "h-86.4", "v48.2", "h412.8", "v86.4" ] ],
    [ "lcd1:SCL", "esp:22", "green", [ "h374.4", "v144.3", "h-201.6" ] ],
    [ "lcd1:VCC", "esp:5V", "red", [ "h-115.2", "v316.9", "h192" ] ]
  ],
  "dependencies": {}
}